,mean,std,count_non_na
progressed,61.35263157894737,10.984367324081337,380
no_progression,51.578947368421055,17.61379926494787,114
